[
  {"code": "01", "nombre": "Álava", "comunidad": "País Vasco"},
  {"code": "02", "nombre": "Albacete", "comunidad": "Castilla-La Mancha"},
  {"code": "03", "nombre": "Alicante", "comunidad": "Comunidad Valenciana"},
  {"code": "04", "nombre": "Almería", "comunidad": "Andalucía"},
  {"code": "05", "nombre": "Ávila", "comunidad": "Castilla y León"},
  {"code": "06", "nombre": "Badajoz", "comunidad": "Extremadura"},
  {"code": "07", "nombre": "Baleares", "comunidad": "Islas Baleares"},
  {"code": "08", "nombre": "Barcelona", "comunidad": "Cataluña"},
  {"code": "09", "nombre": "Burgos", "comunidad": "Castilla y León"},
  {"code": "10", "nombre": "Cáceres", "comunidad": "Extremadura"},
  {"code": "11", "nombre": "Cádiz", "comunidad": "Andalucía"},
  {"code": "12", "nombre": "Castellón", "comunidad": "Comunidad Valenciana"},
  {"code": "13", "nombre": "Ciudad Real", "comunidad": "Castilla-La Mancha"},
  {"code": "14", "nombre": "Córdoba", "comunidad": "Andalucía"},
  {"code": "15", "nombre": "A Coruña", "comunidad": "Galicia"},
  {"code": "16", "nombre": "Cuenca", "comunidad": "Castilla-La Mancha"},
  {"code": "17", "nombre": "Girona", "comunidad": "Cataluña"},
  {"code": "18", "nombre": "Granada", "comunidad": "Andalucía"},
  {"code": "19", "nombre": "Guadalajara", "comunidad": "Castilla-La Mancha"},
  {"code": "20", "nombre": "Guipúzcoa", "comunidad": "País Vasco"},
  {"code": "21", "nombre": "Huelva", "comunidad": "Andalucía"},
  {"code": "22", "nombre": "Huesca", "comunidad": "Aragón"},
  {"code": "23", "nombre": "Jaén", "comunidad": "Andalucía"},
  {"code": "24", "nombre": "León", "comunidad": "Castilla y León"},
  {"code": "25", "nombre": "Lleida", "comunidad": "Cataluña"},
  {"code": "26", "nombre": "La Rioja", "comunidad": "La Rioja"},
  {"code": "27", "nombre": "Lugo", "comunidad": "Galicia"},
  {"code": "28", "nombre": "Madrid", "comunidad": "Comunidad de Madrid"},
  {"code": "29", "nombre": "Málaga", "comunidad": "Andalucía"},
  {"code": "30", "nombre": "Murcia", "comunidad": "Región de Murcia"},
  {"code": "31", "nombre": "Navarra", "comunidad": "Navarra"},
  {"code": "32", "nombre": "Ourense", "comunidad": "Galicia"},
  {"code": "33", "nombre": "Asturias", "comunidad": "Asturias"},
  {"code": "34", "nombre": "Palencia", "comunidad": "Castilla y León"},
  {"code": "35", "nombre": "Las Palmas", "comunidad": "Canarias"},
  {"code": "36", "nombre": "Pontevedra", "comunidad": "Galicia"},
  {"code": "37", "nombre": "Salamanca", "comunidad": "Castilla y León"},
  {"code": "38", "nombre": "Santa Cruz de Tenerife", "comunidad": "Canarias"},
  {"code": "39", "nombre": "Cantabria", "comunidad": "Cantabria"},
  {"code": "40", "nombre": "Segovia", "comunidad": "Castilla y León"},
  {"code": "41", "nombre": "Sevilla", "comunidad": "Andalucía"},
  {"code": "42", "nombre": "Soria", "comunidad": "Castilla y León"},
  {"code": "43", "nombre": "Tarragona", "comunidad": "Cataluña"},
  {"code": "44", "nombre": "Teruel", "comunidad": "Aragón"},
  {"code": "45", "nombre": "Toledo", "comunidad": "Castilla-La Mancha"},
  {"code": "46", "nombre": "Valencia", "comunidad": "Comunidad Valenciana"},
  {"code": "47", "nombre": "Valladolid", "comunidad": "Castilla y León"},
  {"code": "48", "nombre": "Vizcaya", "comunidad": "País Vasco"},
  {"code": "49", "nombre": "Zamora", "comunidad": "Castilla y León"},
  {"code": "50", "nombre": "Zaragoza", "comunidad": "Aragón"},
  {"code": "51", "nombre": "Ceuta", "comunidad": "Ceuta"},
  {"code": "52", "nombre": "Melilla", "comunidad": "Melilla"}
]
